ID,BOOK,SECTION
1,Tales and memories of old new Fribourg,A-Z
2,Memórias Póstumas de Brás Cubas,A-Z
3,O Cortiço,A-Z
4,Grande Sertão: Veredas,A-Z
5,A Moreninha,A-Z
6,A Cidade e as Serras,A-Z
7,Rio de Janeiro: A Cidade e o Rio,A-Z
8,O Rio de Janeiro: Da Colônia à Cidade Maravilhosa,A-Z
9,O Rio de Janeiro Antigo,A-Z
10,O Sertão Carioca,A-Z
11,O Rio de Janeiro de Outrora,A-Z
12,Viva o Povo Brasileiro,A-Z
13,O Cristo Redentor e o Rio,A-Z
14,Coração Vagabundo,A-Z
15,A História do Rio de Janeiro,A-Z
16,As Veias Abertas da América Latina,A-Z
17,Do Rio ao Rio,A-Z
18,O Povo Carioca,A-Z
19,Cidades do Rio de Janeiro,A-Z
20,Carioca e outras crônicas,A-Z
21,A Guerra do Paraguai,A-Z
22,O Rio e a Baía,A-Z
23,Os Sertões,A-Z
24,A República Carioca,A-Z
25,Saudades do Rio,A-Z
26,História do Rio de Janeiro,A-Z
27,O Último Reduto Carioca,A-Z
28,Rio de Janeiro: Capital do Império,A-Z
29,"Carnavais, Malandros e Heróis",A-Z
30,Dicionário Carioca,A-Z
31,O Rio de Janeiro de ontem e hoje,A-Z
32,Em Busca do Rio de Janeiro,A-Z
33,O Rio de Janeiro nas Entrelinhas,A-Z
34,Rostos do Rio,A-Z
35,"Samba, Futebol e Política",A-Z
36,Do Rio ao Mundo,A-Z
37,A História do Samba,A-Z
38,Contos Cariocas,A-Z
39,Avenida Rio Branco,A-Z
40,O Rio na Literatura Brasileira,A-Z
41,No Tempo do Rio de Janeiro,A-Z
42,O Rio e seus Mistérios,A-Z
43,Cultura Carioca,A-Z
44,A Arte de Ser Carioca,A-Z
45,Pelas Ruas do Rio de Janeiro,A-Z
46,A Cidade Maravilhosa,A-Z
47,O Rio de Janeiro e a Alma Carioca,A-Z
48,"Eu, o Rio",A-Z
49,Cem Anos de Rio,A-Z
50,O Rio é Todo Assim,A-Z
